-- Generated by scripts/supabase-export-sql.js
begin;

truncate table public.sessions, public.notifications, public.attendance, public.enrollments, public.schedules, public.classes, public.users restart identity cascade;
delete from public.app_settings;

insert into public.app_settings (id, one_device_per_student, late_grace_minutes, check_out_enabled, face_verification_required, max_face_hamming_distance) values (1, true, 15, true, true, 14);
insert into public.users (id, role, name, username, student_id, password_hash, course, year_section, device_id, face_descriptor, face_enrolled_at, created_at) values ('usr_f5e85dff9f2803e453215193', 'admin', 'System Admin', 'admin', NULL, 'af33051ff5a9a2b9c8101ad3f9e776cb:ca4990f9d00c5b9138a1519ee769df624e011811b69432f6fbcd3b997e7bc53f06253e34f35f724724903043bc53e6c8d6c96500ffe7175710234c6a158ceb3c', NULL, NULL, NULL, NULL, NULL, '2026-03-07T16:14:56.523Z');
insert into public.users (id, role, name, username, student_id, password_hash, course, year_section, device_id, face_descriptor, face_enrolled_at, created_at) values ('usr_bff31bed0925901a83ddc241', 'teacher', 'Default Teacher', 'teacher1', NULL, '8c7baa003fa9194b4c5150635996acf3:605b5b224a3a41218b3905fc8e494d15ffdc8ce05d4249247e2e0af8ff8645b4aad46d1c82661d77dfd4912e4bce678ea1938ac09c8d3e62579adc0616bffa6e', NULL, NULL, NULL, NULL, NULL, '2026-03-07T16:14:56.586Z');
insert into public.users (id, role, name, username, student_id, password_hash, course, year_section, device_id, face_descriptor, face_enrolled_at, created_at) values ('usr_6faf4e6807de87c001303131', 'student', 'Tristan Lim', NULL, '20230366', 'aeb99562e442c1b01edc791fa13fc717:c084269ca5830a47b18f8485e07956cca6b7d1122a927186c7fae503c94ec66a2b057a92ba15a64dd31c95fabf925f4299c9dfd78c75252d54bcebd39b405081', 'Bsis', '3C', 'FLUTTER-android', '0000111110000000000011111100100000011111110110100001111111011010000111111111111100001110111111111001111111111111100011111111111110001100000111110001010111110111000111111111111000011111110111100011111111001000100011111000000011110010000000001111111000000000|0000110110000000000011111100100000011111110110100000111111011011000011011111101100101010111111111001111111111111101111111111111100001010000111110001010110011111000111111100111000011111110110100001111111011000110011111000100011110010000000001111111000000000|0000111010000000000011111100110000011111110110100000111111111011000011111111101100101010111111111011111111111111101111111111111110001010000111110001010110011111100111111101101100001111110110100001111111011000000011111000100011110010000000001111111000000000|0000111011000000000011111100110000001111110110100000111111111011000011011111101100101010111111111001111111111111101111111111111110001010000111110001010110011111100111111101101000001111110110100001111111011000100011111000100011110010000000001111111000000000|0000111010000000000001111100110000001111110110100000111111111011000011111111101100100010111111111011111111111111101111111111111100001010000111110001010110011111100111111101101000001111110110100001111111011000100011111000100011110010000000001111111000000000|0000111000000000000001111110110000011111110111100000111111111011000011011111101100101010111111111001111111111111101111111111111110001010000111110001010010011111100111111101101100001111110110100001111111011000000011111000100011100010000000001111111000000000|0000111100000000000001111100110000011111110110100000111111111011000011011111101100101010111111111011111111111111101111111111111110001010000111110001010010011111000111111101101000001111110110100001111111011000100010111000100011100010000000001111111000000000|0000111100000000000001111110110000011111110110100000111111111011000011111111101100101010111111111001111111111111101111111111111110001010000111110001010010011111000011111101101100001111110110100001111111011000100011111000100011100010000000001111111000000000|0000111100000000000001111100110000011111111110100000111111101011000011111110101100101010111111111001111111111111101111111111111110001010000111110001010010111110000111111101101100001111110110100001111111011000100011111000100011100010000000001111110000000000|0000111100000000000001111110110000011111110110100000111111111011000111111111101100101010111111111011111111111111101111111111111110001010000111110000010010111111000111111101111100001111110110100001111111011000000111111000100011100010000000001111110000000000', '2026-03-09T16:04:30.023Z', '2026-03-09T16:04:30.024Z');
insert into public.users (id, role, name, username, student_id, password_hash, course, year_section, device_id, face_descriptor, face_enrolled_at, created_at) values ('usr_ac1f71ce4cfcebbaea209d48', 'student', 'Miko Trechi', NULL, '20230406', '00c6fc7a87b88297b592f9973097d85f:2b2528a23155ef93cd25c7efcbe844bf219de99c77fa447032d0fd7f4572306b021c6d70aa382ec25bcbf8401a8fc9c3c831f9f4ec3370630c3860db4fd365fc', 'BSIS', '3 C', 'FLUTTER-android', '1111111111111110111111111101101111100011110100111111110111000011111110111100001101111011111001110001001111100111000100111110011000000011110000100000001011000010000000011000000000000001100000001000001111000000111000111100100011111110110000000000000000000000|1111111111101101111111111100110111111101110000011001111111100001100111111111001101011011111100110001100111110011000100011110001100010011111000010000110111000001000010011100100100000011110000001000001111100000111000111110000000000011111110000000000000000000|0111111111101111111111111110110111011111110010011101111011100001111011111110001101001011111110110101000111110111000010011111001100001001111000010000011011100001000011011100100100000011110010001000001111000100010000111110000000001111111111000000000000000000|0111111111111111111111111111111111101111110010111111111111000011111010111110001101001011111111110001001111110111000010011110001100000011111000110000011011000000010010011100100000000011110010001000001111100000000000111110100000000111111110000000000000100000|1111111111111110111111111101101111101111110110111100110111000011110110111100001101011111111001110101001111111111000100111110011000000011110000110001001011000010000011011100001000000011110000000000001111001000000000111100000000000011111110000000000000000000|1111111111111000111111111101111011111111100110111100101110010011110111111100001110011011110001110101001111101111010000111110011001010011111001100001001111000010000011011000000001000011100100000000001110010000000001111100000000000011110100000000011111000000|1111111111110000111111111101111011111111100110111100101110010011110111011100001101011011110001110101001111100111010000111110011001010011111001100000001111000000000010111100000000001011100100000000001110010000000001111100000000000111110010000000111111110000|1111111111110000111111111101111011111111100110111100101110010011110011011100001101011011110001110101001111100111010000111110011101000011111001100001001111000000000010111100001000001001100000100000001110000000000001111100000000000111110000000000011111111000', '2026-03-10T05:49:07.377Z', '2026-03-10T05:49:07.377Z');
insert into public.users (id, role, name, username, student_id, password_hash, course, year_section, device_id, face_descriptor, face_enrolled_at, created_at) values ('usr_cceeca0eb76bb4eeaf16626d', 'student', 'Cleo Berioso', NULL, '20230503', 'da498e2293641547183f5263aea1c7ab:a058311b06ce2a617fbdaac0caadc215407864ea0220a20e89318db371adcbf13052673fccc9e8ec3e6837c309cbc68c685ae7c931e95bca792c861969309011', 'BSIS', '3 -C', 'FLUTTER-android', '0000000000000000001111111111000011111110101111001111111010111100011111110011110001101111001110000100111111111000000011110111100000001110001110000111111000111110001111100011100001111110001100000011111100110000111111111110000011111101100000001111111111100000|0000000000000000000001111110000001111111111110001111111010111100011111101011110000001111001111000000111110111100000011111011100000001110001110001010111000111100001111110001111000111110000100000011111100010000000111111010000011111111110000001111111111000000|0000000000000000000011111111000001111111110111001111111101011100101111110101111010111111000111001001111110111100100011111011100000100111101111000010011100011100001111110001100000111111010110000001111100010000010001111011000011111110100000001001111111110000|0000000110000000000111111111100011111111010111001111111101011110101111111001111010010111101111101010111110111100101001111011110000100111000111001011111110011110000111110101100000111111010110000001111100011000000101111110000011010001010000001000000011111000|0000001111000000001111111101110011111111110111001111111101011110101111110001110010010111101111101001011110111000001001111011110000100111001111000011111110011111001111110101100000111111010110000001111100011000011110111110000011001011110000001000110100000000|0000000000000000000111111111100011111111010111001111111101011110101111111001111000010111000111100010011110111110001001111011100000100111000111001011111100011110000111110101110001111111010110000001111100011000000001111111000000011110110000000111011111111000|0000000000000000000011111111100011111111010111001111111101011110101111110001111010010111000111100000011110111100001001111011100000100111001110000011011100011100100111110101100000111111010110000011111100011000011011111111000011111110100000001111111111100000|0000000110000000011111111111100011111111010111001111111001011110101111110001111000000111001111100000011110111100001001111011100000100111000111001011111100011111000111110101100000111111010110000001111100011000011100111110000011111100110000001111111111111000', '2026-03-10T05:50:44.360Z', '2026-03-10T05:50:44.360Z');
insert into public.classes (id, subject_code, subject_name, section, room, location_name, teacher_id, created_at) values ('cls_1c863593d6ed3ce83a7dab23', '312', 'ITEDEV', 'C', '312', 'LSAB 312', 'usr_f5e85dff9f2803e453215193', '2026-03-07T16:55:45.402Z');
insert into public.classes (id, subject_code, subject_name, section, room, location_name, teacher_id, created_at) values ('cls_c66c786403839759f8102be2', 'ITEDEV', 'ITEDEV', 'BSIS 3C', 'LSAB 312', '', 'usr_bff31bed0925901a83ddc241', '2026-03-10T15:59:19.270Z');
insert into public.schedules (id, class_id, days_of_week, start_time, end_time, geofence, created_at) values ('sch_48f2ae1e78dc9ff9982f84b9', 'cls_1c863593d6ed3ce83a7dab23', ARRAY[2,3,4]::integer[], '00:00', '01:00', '{"lat":10.79799,"lng":122.967749,"radiusMeters":10}'::jsonb, '2026-03-10T15:41:37.005Z');
insert into public.enrollments (id, class_id, student_id, created_at) values ('enr_b1d9620e988dd11ea5c6b695', 'cls_1c863593d6ed3ce83a7dab23', 'usr_6faf4e6807de87c001303131', '2026-03-09T16:04:54.303Z');
insert into public.enrollments (id, class_id, student_id, created_at) values ('enr_ab7c7ef71188d213bc65d35b', 'cls_1c863593d6ed3ce83a7dab23', 'usr_ac1f71ce4cfcebbaea209d48', '2026-03-10T05:49:20.314Z');
insert into public.enrollments (id, class_id, student_id, created_at) values ('enr_46d35cfd71070656d2b06067', 'cls_1c863593d6ed3ce83a7dab23', 'usr_cceeca0eb76bb4eeaf16626d', '2026-03-10T05:50:59.245Z');
insert into public.enrollments (id, class_id, student_id, created_at) values ('enr_a7512986a64d73b3246d0bb8', 'cls_c66c786403839759f8102be2', 'usr_6faf4e6807de87c001303131', '2026-03-10T15:59:27.391Z');
insert into public.enrollments (id, class_id, student_id, created_at) values ('enr_2a4c4b183c5aff6340413e17', 'cls_c66c786403839759f8102be2', 'usr_ac1f71ce4cfcebbaea209d48', '2026-03-10T15:59:27.391Z');
insert into public.enrollments (id, class_id, student_id, created_at) values ('enr_55fcae79068d78396f9d0165', 'cls_c66c786403839759f8102be2', 'usr_cceeca0eb76bb4eeaf16626d', '2026-03-10T15:59:27.391Z');
insert into public.attendance (id, class_id, schedule_id, student_id, date, status, check_in_at, check_out_at, distance_meters, location, device_id, face_verified, face_distance, created_at) values ('att_fb870c62f16360fa2764e0e3', 'cls_1c863593d6ed3ce83a7dab23', 'sch_48f2ae1e78dc9ff9982f84b9', 'usr_6faf4e6807de87c001303131', '2026-02-10', 'Absent', NULL, NULL, NULL, NULL, 'FLUTTER-android', NULL, NULL, '2026-03-10T15:41:37.042Z');
insert into public.attendance (id, class_id, schedule_id, student_id, date, status, check_in_at, check_out_at, distance_meters, location, device_id, face_verified, face_distance, created_at) values ('att_c2ca80f037d0c29cea13a307', 'cls_1c863593d6ed3ce83a7dab23', 'sch_48f2ae1e78dc9ff9982f84b9', 'usr_ac1f71ce4cfcebbaea209d48', '2026-02-10', 'Absent', NULL, NULL, NULL, NULL, 'FLUTTER-android', NULL, NULL, '2026-03-10T15:41:37.042Z');
insert into public.attendance (id, class_id, schedule_id, student_id, date, status, check_in_at, check_out_at, distance_meters, location, device_id, face_verified, face_distance, created_at) values ('att_c656f0cbece8cd72c57ac86c', 'cls_1c863593d6ed3ce83a7dab23', 'sch_48f2ae1e78dc9ff9982f84b9', 'usr_cceeca0eb76bb4eeaf16626d', '2026-02-10', 'Absent', NULL, NULL, NULL, NULL, 'FLUTTER-android', NULL, NULL, '2026-03-10T15:41:37.042Z');
insert into public.attendance (id, class_id, schedule_id, student_id, date, status, check_in_at, check_out_at, distance_meters, location, device_id, face_verified, face_distance, created_at) values ('att_712515d5728cf74263dbff93', 'cls_1c863593d6ed3ce83a7dab23', 'sch_48f2ae1e78dc9ff9982f84b9', 'usr_6faf4e6807de87c001303131', '2026-02-11', 'Absent', NULL, NULL, NULL, NULL, 'FLUTTER-android', NULL, NULL, '2026-03-10T15:41:37.042Z');
insert into public.attendance (id, class_id, schedule_id, student_id, date, status, check_in_at, check_out_at, distance_meters, location, device_id, face_verified, face_distance, created_at) values ('att_479e0589f3b7ed8108358ab7', 'cls_1c863593d6ed3ce83a7dab23', 'sch_48f2ae1e78dc9ff9982f84b9', 'usr_ac1f71ce4cfcebbaea209d48', '2026-02-11', 'Absent', NULL, NULL, NULL, NULL, 'FLUTTER-android', NULL, NULL, '2026-03-10T15:41:37.042Z');
insert into public.attendance (id, class_id, schedule_id, student_id, date, status, check_in_at, check_out_at, distance_meters, location, device_id, face_verified, face_distance, created_at) values ('att_7ff4c480c21b2b44e31b5740', 'cls_1c863593d6ed3ce83a7dab23', 'sch_48f2ae1e78dc9ff9982f84b9', 'usr_cceeca0eb76bb4eeaf16626d', '2026-02-11', 'Absent', NULL, NULL, NULL, NULL, 'FLUTTER-android', NULL, NULL, '2026-03-10T15:41:37.042Z');
insert into public.attendance (id, class_id, schedule_id, student_id, date, status, check_in_at, check_out_at, distance_meters, location, device_id, face_verified, face_distance, created_at) values ('att_5fe70a84c62e0ea5bb349cff', 'cls_1c863593d6ed3ce83a7dab23', 'sch_48f2ae1e78dc9ff9982f84b9', 'usr_6faf4e6807de87c001303131', '2026-02-12', 'Absent', NULL, NULL, NULL, NULL, 'FLUTTER-android', NULL, NULL, '2026-03-10T15:41:37.042Z');
insert into public.attendance (id, class_id, schedule_id, student_id, date, status, check_in_at, check_out_at, distance_meters, location, device_id, face_verified, face_distance, created_at) values ('att_c97da367d46fda78c7a54e93', 'cls_1c863593d6ed3ce83a7dab23', 'sch_48f2ae1e78dc9ff9982f84b9', 'usr_ac1f71ce4cfcebbaea209d48', '2026-02-12', 'Absent', NULL, NULL, NULL, NULL, 'FLUTTER-android', NULL, NULL, '2026-03-10T15:41:37.042Z');
insert into public.attendance (id, class_id, schedule_id, student_id, date, status, check_in_at, check_out_at, distance_meters, location, device_id, face_verified, face_distance, created_at) values ('att_70dc2c871edd7ced5dd7a6e3', 'cls_1c863593d6ed3ce83a7dab23', 'sch_48f2ae1e78dc9ff9982f84b9', 'usr_cceeca0eb76bb4eeaf16626d', '2026-02-12', 'Absent', NULL, NULL, NULL, NULL, 'FLUTTER-android', NULL, NULL, '2026-03-10T15:41:37.042Z');
insert into public.attendance (id, class_id, schedule_id, student_id, date, status, check_in_at, check_out_at, distance_meters, location, device_id, face_verified, face_distance, created_at) values ('att_577a272ade6892722e222f02', 'cls_1c863593d6ed3ce83a7dab23', 'sch_48f2ae1e78dc9ff9982f84b9', 'usr_6faf4e6807de87c001303131', '2026-02-17', 'Absent', NULL, NULL, NULL, NULL, 'FLUTTER-android', NULL, NULL, '2026-03-10T15:41:37.042Z');
insert into public.attendance (id, class_id, schedule_id, student_id, date, status, check_in_at, check_out_at, distance_meters, location, device_id, face_verified, face_distance, created_at) values ('att_e009c78bb63bc71e385485f9', 'cls_1c863593d6ed3ce83a7dab23', 'sch_48f2ae1e78dc9ff9982f84b9', 'usr_ac1f71ce4cfcebbaea209d48', '2026-02-17', 'Absent', NULL, NULL, NULL, NULL, 'FLUTTER-android', NULL, NULL, '2026-03-10T15:41:37.042Z');
insert into public.attendance (id, class_id, schedule_id, student_id, date, status, check_in_at, check_out_at, distance_meters, location, device_id, face_verified, face_distance, created_at) values ('att_2f61e981d3835b851fe0e2b1', 'cls_1c863593d6ed3ce83a7dab23', 'sch_48f2ae1e78dc9ff9982f84b9', 'usr_cceeca0eb76bb4eeaf16626d', '2026-02-17', 'Absent', NULL, NULL, NULL, NULL, 'FLUTTER-android', NULL, NULL, '2026-03-10T15:41:37.042Z');
insert into public.attendance (id, class_id, schedule_id, student_id, date, status, check_in_at, check_out_at, distance_meters, location, device_id, face_verified, face_distance, created_at) values ('att_84b71a85f2c2ca755b920610', 'cls_1c863593d6ed3ce83a7dab23', 'sch_48f2ae1e78dc9ff9982f84b9', 'usr_6faf4e6807de87c001303131', '2026-02-18', 'Absent', NULL, NULL, NULL, NULL, 'FLUTTER-android', NULL, NULL, '2026-03-10T15:41:37.042Z');
insert into public.attendance (id, class_id, schedule_id, student_id, date, status, check_in_at, check_out_at, distance_meters, location, device_id, face_verified, face_distance, created_at) values ('att_9827b58f6d8d7fee47f38524', 'cls_1c863593d6ed3ce83a7dab23', 'sch_48f2ae1e78dc9ff9982f84b9', 'usr_ac1f71ce4cfcebbaea209d48', '2026-02-18', 'Absent', NULL, NULL, NULL, NULL, 'FLUTTER-android', NULL, NULL, '2026-03-10T15:41:37.042Z');
insert into public.attendance (id, class_id, schedule_id, student_id, date, status, check_in_at, check_out_at, distance_meters, location, device_id, face_verified, face_distance, created_at) values ('att_19ebcc72c2a736a76a1a33c0', 'cls_1c863593d6ed3ce83a7dab23', 'sch_48f2ae1e78dc9ff9982f84b9', 'usr_cceeca0eb76bb4eeaf16626d', '2026-02-18', 'Absent', NULL, NULL, NULL, NULL, 'FLUTTER-android', NULL, NULL, '2026-03-10T15:41:37.042Z');
insert into public.attendance (id, class_id, schedule_id, student_id, date, status, check_in_at, check_out_at, distance_meters, location, device_id, face_verified, face_distance, created_at) values ('att_91dc10ab7a8d9e1114189242', 'cls_1c863593d6ed3ce83a7dab23', 'sch_48f2ae1e78dc9ff9982f84b9', 'usr_6faf4e6807de87c001303131', '2026-02-19', 'Absent', NULL, NULL, NULL, NULL, 'FLUTTER-android', NULL, NULL, '2026-03-10T15:41:37.042Z');
insert into public.attendance (id, class_id, schedule_id, student_id, date, status, check_in_at, check_out_at, distance_meters, location, device_id, face_verified, face_distance, created_at) values ('att_6b157f40dfb3904ef84f8135', 'cls_1c863593d6ed3ce83a7dab23', 'sch_48f2ae1e78dc9ff9982f84b9', 'usr_ac1f71ce4cfcebbaea209d48', '2026-02-19', 'Absent', NULL, NULL, NULL, NULL, 'FLUTTER-android', NULL, NULL, '2026-03-10T15:41:37.042Z');
insert into public.attendance (id, class_id, schedule_id, student_id, date, status, check_in_at, check_out_at, distance_meters, location, device_id, face_verified, face_distance, created_at) values ('att_621ae7dd4b4891cefad831be', 'cls_1c863593d6ed3ce83a7dab23', 'sch_48f2ae1e78dc9ff9982f84b9', 'usr_cceeca0eb76bb4eeaf16626d', '2026-02-19', 'Absent', NULL, NULL, NULL, NULL, 'FLUTTER-android', NULL, NULL, '2026-03-10T15:41:37.042Z');
insert into public.attendance (id, class_id, schedule_id, student_id, date, status, check_in_at, check_out_at, distance_meters, location, device_id, face_verified, face_distance, created_at) values ('att_75eda15c02d1d94fcb0a2330', 'cls_1c863593d6ed3ce83a7dab23', 'sch_48f2ae1e78dc9ff9982f84b9', 'usr_6faf4e6807de87c001303131', '2026-02-24', 'Absent', NULL, NULL, NULL, NULL, 'FLUTTER-android', NULL, NULL, '2026-03-10T15:41:37.042Z');
insert into public.attendance (id, class_id, schedule_id, student_id, date, status, check_in_at, check_out_at, distance_meters, location, device_id, face_verified, face_distance, created_at) values ('att_cef5f42a029a17543a530848', 'cls_1c863593d6ed3ce83a7dab23', 'sch_48f2ae1e78dc9ff9982f84b9', 'usr_ac1f71ce4cfcebbaea209d48', '2026-02-24', 'Absent', NULL, NULL, NULL, NULL, 'FLUTTER-android', NULL, NULL, '2026-03-10T15:41:37.042Z');
insert into public.attendance (id, class_id, schedule_id, student_id, date, status, check_in_at, check_out_at, distance_meters, location, device_id, face_verified, face_distance, created_at) values ('att_14315b1ee2d9d777c19b1951', 'cls_1c863593d6ed3ce83a7dab23', 'sch_48f2ae1e78dc9ff9982f84b9', 'usr_cceeca0eb76bb4eeaf16626d', '2026-02-24', 'Absent', NULL, NULL, NULL, NULL, 'FLUTTER-android', NULL, NULL, '2026-03-10T15:41:37.042Z');
insert into public.attendance (id, class_id, schedule_id, student_id, date, status, check_in_at, check_out_at, distance_meters, location, device_id, face_verified, face_distance, created_at) values ('att_5aaf426ad36e265f9e7c5d21', 'cls_1c863593d6ed3ce83a7dab23', 'sch_48f2ae1e78dc9ff9982f84b9', 'usr_6faf4e6807de87c001303131', '2026-02-25', 'Absent', NULL, NULL, NULL, NULL, 'FLUTTER-android', NULL, NULL, '2026-03-10T15:41:37.042Z');
insert into public.attendance (id, class_id, schedule_id, student_id, date, status, check_in_at, check_out_at, distance_meters, location, device_id, face_verified, face_distance, created_at) values ('att_ca0185dc605556e022a3b6f6', 'cls_1c863593d6ed3ce83a7dab23', 'sch_48f2ae1e78dc9ff9982f84b9', 'usr_ac1f71ce4cfcebbaea209d48', '2026-02-25', 'Absent', NULL, NULL, NULL, NULL, 'FLUTTER-android', NULL, NULL, '2026-03-10T15:41:37.042Z');
insert into public.attendance (id, class_id, schedule_id, student_id, date, status, check_in_at, check_out_at, distance_meters, location, device_id, face_verified, face_distance, created_at) values ('att_3e3506fb7b41fad1c41e5e99', 'cls_1c863593d6ed3ce83a7dab23', 'sch_48f2ae1e78dc9ff9982f84b9', 'usr_cceeca0eb76bb4eeaf16626d', '2026-02-25', 'Absent', NULL, NULL, NULL, NULL, 'FLUTTER-android', NULL, NULL, '2026-03-10T15:41:37.042Z');
insert into public.attendance (id, class_id, schedule_id, student_id, date, status, check_in_at, check_out_at, distance_meters, location, device_id, face_verified, face_distance, created_at) values ('att_5657860858d10c4796dc6440', 'cls_1c863593d6ed3ce83a7dab23', 'sch_48f2ae1e78dc9ff9982f84b9', 'usr_6faf4e6807de87c001303131', '2026-02-26', 'Absent', NULL, NULL, NULL, NULL, 'FLUTTER-android', NULL, NULL, '2026-03-10T15:41:37.042Z');
insert into public.attendance (id, class_id, schedule_id, student_id, date, status, check_in_at, check_out_at, distance_meters, location, device_id, face_verified, face_distance, created_at) values ('att_8691cb7216bd9fda48279d9c', 'cls_1c863593d6ed3ce83a7dab23', 'sch_48f2ae1e78dc9ff9982f84b9', 'usr_ac1f71ce4cfcebbaea209d48', '2026-02-26', 'Absent', NULL, NULL, NULL, NULL, 'FLUTTER-android', NULL, NULL, '2026-03-10T15:41:37.042Z');
insert into public.attendance (id, class_id, schedule_id, student_id, date, status, check_in_at, check_out_at, distance_meters, location, device_id, face_verified, face_distance, created_at) values ('att_45e0c620c742f3dc0232ca1e', 'cls_1c863593d6ed3ce83a7dab23', 'sch_48f2ae1e78dc9ff9982f84b9', 'usr_cceeca0eb76bb4eeaf16626d', '2026-02-26', 'Absent', NULL, NULL, NULL, NULL, 'FLUTTER-android', NULL, NULL, '2026-03-10T15:41:37.042Z');
insert into public.attendance (id, class_id, schedule_id, student_id, date, status, check_in_at, check_out_at, distance_meters, location, device_id, face_verified, face_distance, created_at) values ('att_d58778a922905b81fe53e9b9', 'cls_1c863593d6ed3ce83a7dab23', 'sch_48f2ae1e78dc9ff9982f84b9', 'usr_6faf4e6807de87c001303131', '2026-03-03', 'Absent', NULL, NULL, NULL, NULL, 'FLUTTER-android', NULL, NULL, '2026-03-10T15:41:37.042Z');
insert into public.attendance (id, class_id, schedule_id, student_id, date, status, check_in_at, check_out_at, distance_meters, location, device_id, face_verified, face_distance, created_at) values ('att_5efe15ddf5ea27c62d8d5ced', 'cls_1c863593d6ed3ce83a7dab23', 'sch_48f2ae1e78dc9ff9982f84b9', 'usr_ac1f71ce4cfcebbaea209d48', '2026-03-03', 'Absent', NULL, NULL, NULL, NULL, 'FLUTTER-android', NULL, NULL, '2026-03-10T15:41:37.042Z');
insert into public.attendance (id, class_id, schedule_id, student_id, date, status, check_in_at, check_out_at, distance_meters, location, device_id, face_verified, face_distance, created_at) values ('att_33d8b7115efda1ba8125ec69', 'cls_1c863593d6ed3ce83a7dab23', 'sch_48f2ae1e78dc9ff9982f84b9', 'usr_cceeca0eb76bb4eeaf16626d', '2026-03-03', 'Absent', NULL, NULL, NULL, NULL, 'FLUTTER-android', NULL, NULL, '2026-03-10T15:41:37.042Z');
insert into public.attendance (id, class_id, schedule_id, student_id, date, status, check_in_at, check_out_at, distance_meters, location, device_id, face_verified, face_distance, created_at) values ('att_d75193570c1aa22268ca49e1', 'cls_1c863593d6ed3ce83a7dab23', 'sch_48f2ae1e78dc9ff9982f84b9', 'usr_6faf4e6807de87c001303131', '2026-03-04', 'Absent', NULL, NULL, NULL, NULL, 'FLUTTER-android', NULL, NULL, '2026-03-10T15:41:37.042Z');
insert into public.attendance (id, class_id, schedule_id, student_id, date, status, check_in_at, check_out_at, distance_meters, location, device_id, face_verified, face_distance, created_at) values ('att_2147926531150139248dbd84', 'cls_1c863593d6ed3ce83a7dab23', 'sch_48f2ae1e78dc9ff9982f84b9', 'usr_ac1f71ce4cfcebbaea209d48', '2026-03-04', 'Absent', NULL, NULL, NULL, NULL, 'FLUTTER-android', NULL, NULL, '2026-03-10T15:41:37.042Z');
insert into public.attendance (id, class_id, schedule_id, student_id, date, status, check_in_at, check_out_at, distance_meters, location, device_id, face_verified, face_distance, created_at) values ('att_a93bf4f97e093d7e9eb3269e', 'cls_1c863593d6ed3ce83a7dab23', 'sch_48f2ae1e78dc9ff9982f84b9', 'usr_cceeca0eb76bb4eeaf16626d', '2026-03-04', 'Absent', NULL, NULL, NULL, NULL, 'FLUTTER-android', NULL, NULL, '2026-03-10T15:41:37.042Z');
insert into public.attendance (id, class_id, schedule_id, student_id, date, status, check_in_at, check_out_at, distance_meters, location, device_id, face_verified, face_distance, created_at) values ('att_d08cd4468f393611d95b3525', 'cls_1c863593d6ed3ce83a7dab23', 'sch_48f2ae1e78dc9ff9982f84b9', 'usr_6faf4e6807de87c001303131', '2026-03-05', 'Absent', NULL, NULL, NULL, NULL, 'FLUTTER-android', NULL, NULL, '2026-03-10T15:41:37.042Z');
insert into public.attendance (id, class_id, schedule_id, student_id, date, status, check_in_at, check_out_at, distance_meters, location, device_id, face_verified, face_distance, created_at) values ('att_31ce6d99999599355c6ffbcb', 'cls_1c863593d6ed3ce83a7dab23', 'sch_48f2ae1e78dc9ff9982f84b9', 'usr_ac1f71ce4cfcebbaea209d48', '2026-03-05', 'Absent', NULL, NULL, NULL, NULL, 'FLUTTER-android', NULL, NULL, '2026-03-10T15:41:37.042Z');
insert into public.attendance (id, class_id, schedule_id, student_id, date, status, check_in_at, check_out_at, distance_meters, location, device_id, face_verified, face_distance, created_at) values ('att_d112b6089bf2486a5a242a24', 'cls_1c863593d6ed3ce83a7dab23', 'sch_48f2ae1e78dc9ff9982f84b9', 'usr_cceeca0eb76bb4eeaf16626d', '2026-03-05', 'Absent', NULL, NULL, NULL, NULL, 'FLUTTER-android', NULL, NULL, '2026-03-10T15:41:37.042Z');
insert into public.attendance (id, class_id, schedule_id, student_id, date, status, check_in_at, check_out_at, distance_meters, location, device_id, face_verified, face_distance, created_at) values ('att_18c034ebec1742bc3b27e970', 'cls_1c863593d6ed3ce83a7dab23', 'sch_48f2ae1e78dc9ff9982f84b9', 'usr_6faf4e6807de87c001303131', '2026-03-10', 'Late', '2026-03-10T15:43:53.926Z', NULL, 8, '{"lat":10.7980589,"lng":122.9677373}'::jsonb, 'FLUTTER-android', true, 80, '2026-03-10T15:41:37.042Z');
insert into public.attendance (id, class_id, schedule_id, student_id, date, status, check_in_at, check_out_at, distance_meters, location, device_id, face_verified, face_distance, created_at) values ('att_2b6611a4e5d824129c3188e5', 'cls_1c863593d6ed3ce83a7dab23', 'sch_48f2ae1e78dc9ff9982f84b9', 'usr_ac1f71ce4cfcebbaea209d48', '2026-03-10', 'Absent', NULL, NULL, NULL, NULL, 'FLUTTER-android', NULL, NULL, '2026-03-10T15:41:37.042Z');
insert into public.attendance (id, class_id, schedule_id, student_id, date, status, check_in_at, check_out_at, distance_meters, location, device_id, face_verified, face_distance, created_at) values ('att_d0071e7c476a902b62e13b07', 'cls_1c863593d6ed3ce83a7dab23', 'sch_48f2ae1e78dc9ff9982f84b9', 'usr_cceeca0eb76bb4eeaf16626d', '2026-03-10', 'Absent', NULL, NULL, NULL, NULL, 'FLUTTER-android', NULL, NULL, '2026-03-10T15:41:37.042Z');
insert into public.notifications (id, user_id, type, message, read, created_at) values ('not_fc50724ccfaf7dba82b20a6a', 'usr_6faf4e6807de87c001303131', 'attendance-error', 'Attendance failed: face verification mismatch.', false, '2026-03-09T16:06:21.186Z');
insert into public.notifications (id, user_id, type, message, read, created_at) values ('not_698775c20423514b7877a529', 'usr_6faf4e6807de87c001303131', 'device', 'Device registered successfully.', false, '2026-03-09T16:19:58.848Z');
insert into public.notifications (id, user_id, type, message, read, created_at) values ('not_1f33322a79c03616db23eec7', 'usr_6faf4e6807de87c001303131', 'attendance-success', 'Attendance recorded successfully: Present.', false, '2026-03-09T16:20:15.147Z');
insert into public.notifications (id, user_id, type, message, read, created_at) values ('not_025c42b9516f69c3413d4606', 'usr_6faf4e6807de87c001303131', 'attendance-error', 'Attendance failed: face verification mismatch.', false, '2026-03-10T05:43:00.671Z');
insert into public.notifications (id, user_id, type, message, read, created_at) values ('not_54cecd69063703d7078aada2', 'usr_6faf4e6807de87c001303131', 'attendance-success', 'Attendance recorded successfully: Present.', false, '2026-03-10T05:43:10.298Z');
insert into public.notifications (id, user_id, type, message, read, created_at) values ('not_25b2e4a79de73127f7ee1d0a', 'usr_ac1f71ce4cfcebbaea209d48', 'attendance-success', 'Attendance recorded successfully: Present.', false, '2026-03-10T05:49:42.539Z');
insert into public.notifications (id, user_id, type, message, read, created_at) values ('not_dd1b293cfac68b5d357bc010', 'usr_cceeca0eb76bb4eeaf16626d', 'attendance-error', 'Attendance failed: outside geofence area.', false, '2026-03-10T05:52:15.010Z');
insert into public.notifications (id, user_id, type, message, read, created_at) values ('not_f609e54e26950840f78b7494', 'usr_cceeca0eb76bb4eeaf16626d', 'attendance-error', 'Attendance failed: outside geofence area.', false, '2026-03-10T05:52:21.077Z');
insert into public.notifications (id, user_id, type, message, read, created_at) values ('not_92c180f0f8050882a2d5e65b', 'usr_6faf4e6807de87c001303131', 'attendance-success', 'Attendance recorded successfully: Late.', false, '2026-03-10T15:43:53.926Z');
insert into public.sessions (sid, user_id, expires_at) values ('sid_dfa2fade95db6cb31c87ee9a', 'usr_bff31bed0925901a83ddc241', '2026-03-15T14:49:50.914Z');
insert into public.sessions (sid, user_id, expires_at) values ('sid_8e24893abbea90a1012fa4dc', 'usr_6faf4e6807de87c001303131', '2026-03-16T16:04:31.982Z');
insert into public.sessions (sid, user_id, expires_at) values ('sid_b5bc9b9d4ba268a65ed469d2', 'usr_6faf4e6807de87c001303131', '2026-03-16T16:19:56.728Z');
insert into public.sessions (sid, user_id, expires_at) values ('sid_63f3ec0c4dc33c2b745d492b', 'usr_6faf4e6807de87c001303131', '2026-03-17T05:40:14.182Z');
insert into public.sessions (sid, user_id, expires_at) values ('sid_53893175385fdcae702a5098', 'usr_cceeca0eb76bb4eeaf16626d', '2026-03-17T05:50:52.129Z');
insert into public.sessions (sid, user_id, expires_at) values ('sid_7b4ec70afb03cd99cfc80ce8', 'usr_6faf4e6807de87c001303131', '2026-03-17T15:43:19.721Z');

commit;
